{"has_child":1,"home_url":"http:\/\/in-our-city.local","child_file":{"in-our-city.local_wpvivid-61ae828bbf60c_2021-12-06-21-37_backup_core.zip":{"include_path":["wp-includes","wp-admin"],"wp_core":1,"home_url":"http:\/\/in-our-city.local","file_type":"wp-core","root_flag":"root","file":"in-our-city.local_wpvivid-61ae828bbf60c_2021-12-06-21-37_backup_core.zip","php_version":"7.3.5","mysql_version":"8.0.16"},"in-our-city.local_wpvivid-61ae828bbf60c_2021-12-06-21-37_backup_themes.zip":{"file_type":"themes","themes":{"bravada":{"slug":"bravada","size":4428003},"colibri-wp":{"slug":"colibri-wp","size":11077503},"colon-plus":{"slug":"colon-plus","size":1135213},"colon":{"slug":"colon","size":867649},"twentynineteen":{"slug":"twentynineteen","size":1329806},"twentytwenty":{"slug":"twentytwenty","size":1783831},"twentytwentyone":{"slug":"twentytwentyone","size":3666597}},"root_flag":"wp-content","file":"in-our-city.local_wpvivid-61ae828bbf60c_2021-12-06-21-37_backup_themes.zip","php_version":"7.3.5","mysql_version":"8.0.16"},"in-our-city.local_wpvivid-61ae828bbf60c_2021-12-06-21-37_backup_uploads.zip":{"file_type":"upload","root_flag":"wp-content","file":"in-our-city.local_wpvivid-61ae828bbf60c_2021-12-06-21-37_backup_uploads.zip","php_version":"7.3.5","mysql_version":"8.0.16"},"in-our-city.local_wpvivid-61ae828bbf60c_2021-12-06-21-37_backup_plugin.zip":{"file_type":"plugin","plugin":{"bbpress":{"slug":"bbpress","size":3090100}},"root_flag":"wp-content","file":"in-our-city.local_wpvivid-61ae828bbf60c_2021-12-06-21-37_backup_plugin.zip","php_version":"7.3.5","mysql_version":"8.0.16"},"in-our-city.local_wpvivid-61ae828bbf60c_2021-12-06-21-37_backup_db.zip":{"dump_db":1,"home_url":"http:\/\/in-our-city.local","file_type":"databases","root_flag":"custom","file":"in-our-city.local_wpvivid-61ae828bbf60c_2021-12-06-21-37_backup_db.zip","php_version":"7.3.5","mysql_version":"8.0.16"},"in-our-city.local_wpvivid-61ae828bbf60c_2021-12-06-21-37_backup_content.zip":{"file_type":"wp-content","root_flag":"root","file":"in-our-city.local_wpvivid-61ae828bbf60c_2021-12-06-21-37_backup_content.zip","php_version":"7.3.5","mysql_version":"8.0.16"}},"root_flag":"custom","file":"in-our-city.local_wpvivid-61ae828bbf60c_2021-12-06-21-37_backup_all.zip","php_version":"7.3.5","mysql_version":"8.0.16"}